{
  "n_measurements": 90,
  "best_params": {
    "D": 0.021061873056580638,
    "J1": 1.2562092400719584,
    "J2": 0.20602708193597322,
    "background": 0.48532656492102866
  },
  "uncertainties": {
    "D": 0.0007166876710998309,
    "J1": 0.009616345929849352,
    "J2": 0.009254179841460439,
    "background": 0.01044217401977817
  },
  "chi2_total": 31.076720679937115,
  "chi2_per_point": 0.3452968964437457
}