{
  "benchmark": "figure5_refinement",
  "nominal_level": 0.9,
  "z_value": 1.6448536269514722,
  "config": {
    "true_J1": 5.3,
    "true_J2": 0.6,
    "true_D": 0.28,
    "prior_J1": 4.2,
    "prior_J2": 0.35,
    "prior_D": 0.12,
    "init_points": 3,
    "init_mode": "prior_triplet",
    "count_time": 10.0,
    "use_motion": true
  },
  "truth": {
    "J1": 5.3,
    "J2": 0.6,
    "D": 0.28
  },
  "seed_rows": [
    {
      "seed": 0,
      "mean": {
        "J1": 5.303235481308933,
        "J2": 0.6110218009761162,
        "D": 0.2612314814658296
      },
      "std": {
        "J1": 0.0,
        "J2": 0.011076557024818369,
        "D": 0.0
      },
      "contains_truth_90": {
        "J1": false,
        "J2": true,
        "D": false
      },
      "interval_90": {
        "J1": [
          5.303235481308933,
          5.303235481308933
        ],
        "J2": [
          0.592802485979709,
          0.6292411159725235
        ],
        "D": [
          0.2612314814658296,
          0.2612314814658296
        ]
      },
      "hessian_condition_number": 49.256487809881996
    },
    {
      "seed": 1,
      "mean": {
        "J1": 5.294233523054315,
        "J2": 0.6016845596400843,
        "D": 0.2832881907854312
      },
      "std": {
        "J1": 0.0074607896948698585,
        "J2": 0.008171097061575438,
        "D": 0.01450513832587965
      },
      "contains_truth_90": {
        "J1": true,
        "J2": true,
        "D": true
      },
      "interval_90": {
        "J1": [
          5.281961616064786,
          5.306505430043844
        ],
        "J2": [
          0.5882443010021794,
          0.6151248182779891
        ],
        "D": [
          0.2594293614006753,
          0.30714702017018713
        ]
      },
      "hessian_condition_number": 29.909127627133316
    },
    {
      "seed": 2,
      "mean": {
        "J1": 5.3166335491725105,
        "J2": 0.5981440178887659,
        "D": 0.2615008844296586
      },
      "std": {
        "J1": 0.0,
        "J2": 0.0,
        "D": 0.0
      },
      "contains_truth_90": {
        "J1": false,
        "J2": false,
        "D": false
      },
      "interval_90": {
        "J1": [
          5.3166335491725105,
          5.3166335491725105
        ],
        "J2": [
          0.5981440178887659,
          0.5981440178887659
        ],
        "D": [
          0.2615008844296586,
          0.2615008844296586
        ]
      },
      "hessian_condition_number": 295.68466701937257
    },
    {
      "seed": 3,
      "mean": {
        "J1": 5.316282194240266,
        "J2": 0.6090399016451027,
        "D": 0.243270903680824
      },
      "std": {
        "J1": 0.005064718275378364,
        "J2": 0.008650735339386175,
        "D": 0.014153675508164534
      },
      "contains_truth_90": {
        "J1": false,
        "J2": true,
        "D": false
      },
      "interval_90": {
        "J1": [
          5.307951474015522,
          5.32461291446501
        ],
        "J2": [
          0.5948107082463161,
          0.6232690950438893
        ],
        "D": [
          0.21999017918652533,
          0.2665516281751226
        ]
      },
      "hessian_condition_number": 40.15647018536791
    },
    {
      "seed": 4,
      "mean": {
        "J1": 5.3510326562351915,
        "J2": 0.6352048479545118,
        "D": 0.1593511648414564
      },
      "std": {
        "J1": 0.005341886114898355,
        "J2": 0.009170927377640468,
        "D": 0.011267982122022806
      },
      "contains_truth_90": {
        "J1": false,
        "J2": false,
        "D": false
      },
      "interval_90": {
        "J1": [
          5.342246035484339,
          5.359819276986044
        ],
        "J2": [
          0.6201200147948913,
          0.6502896811141323
        ],
        "D": [
          0.14081698357962283,
          0.17788534610328996
        ]
      },
      "hessian_condition_number": 25.22579410853806
    },
    {
      "seed": 5,
      "mean": {
        "J1": 5.292220996523176,
        "J2": 0.5962205350626971,
        "D": 0.3
      },
      "std": {
        "J1": 0.004664093642656451,
        "J2": 0.004886436726636562,
        "D": 0.006548038999465779
      },
      "contains_truth_90": {
        "J1": false,
        "J2": true,
        "D": false
      },
      "interval_90": {
        "J1": [
          5.284549245178612,
          5.299892747867741
        ],
        "J2": [
          0.5881830618900201,
          0.6042580082353741
        ],
        "D": [
          0.289229434302309,
          0.31077056569769096
        ]
      },
      "hessian_condition_number": 5.914814265271607
    },
    {
      "seed": 6,
      "mean": {
        "J1": 5.343600158993951,
        "J2": 0.6119065697563946,
        "D": 0.19478871234507436
      },
      "std": {
        "J1": 0.0,
        "J2": 0.0,
        "D": 0.0
      },
      "contains_truth_90": {
        "J1": false,
        "J2": false,
        "D": false
      },
      "interval_90": {
        "J1": [
          5.343600158993951,
          5.343600158993951
        ],
        "J2": [
          0.6119065697563946,
          0.6119065697563946
        ],
        "D": [
          0.19478871234507436,
          0.19478871234507436
        ]
      },
      "hessian_condition_number": 183.518463636445
    },
    {
      "seed": 7,
      "mean": {
        "J1": 5.293415654272689,
        "J2": 0.5937348657580974,
        "D": 0.3
      },
      "std": {
        "J1": 0.022660543150144825,
        "J2": 0.03117415202430011,
        "D": 0.0018656215365540135
      },
      "contains_truth_90": {
        "J1": true,
        "J2": true,
        "D": false
      },
      "interval_90": {
        "J1": [
          5.256142377683483,
          5.3306889308618945
        ],
        "J2": [
          0.5424579487337908,
          0.645011782782404
        ],
        "D": [
          0.29693132564908037,
          0.3030686743509196
        ]
      },
      "hessian_condition_number": 439.3532727474426
    },
    {
      "seed": 8,
      "mean": {
        "J1": 5.331086823992226,
        "J2": 0.6285466479064397,
        "D": 0.20252862416407288
      },
      "std": {
        "J1": 0.044302530010727266,
        "J2": 0.033684504404823325,
        "D": 0.03260591513451356
      },
      "contains_truth_90": {
        "J1": true,
        "J2": true,
        "D": false
      },
      "interval_90": {
        "J1": [
          5.258215646820955,
          5.403958001163498
        ],
        "J2": [
          0.5731405686641031,
          0.6839527271487762
        ],
        "D": [
          0.14889666639499635,
          0.2561605819331494
        ]
      },
      "hessian_condition_number": 461.7915606593101
    },
    {
      "seed": 9,
      "mean": {
        "J1": 5.31321400721051,
        "J2": 0.6092981513434026,
        "D": 0.24926009558643608
      },
      "std": {
        "J1": 0.005597303790725011,
        "J2": 0.007587171026806693,
        "D": 0.009136445544327968
      },
      "contains_truth_90": {
        "J1": false,
        "J2": true,
        "D": false
      },
      "interval_90": {
        "J1": [
          5.304007261769186,
          5.3224207526518335
        ],
        "J2": [
          0.5968183655616585,
          0.6217779371251467
        ],
        "D": [
          0.2342319799954036,
          0.26428821117746853
        ]
      },
      "hessian_condition_number": 13.379134929678587
    }
  ],
  "summary": {
    "J1": {
      "empirical_coverage": 0.3,
      "hit_count": 3,
      "n_seeds": 10,
      "median_interval_width": 0.01711734097559603,
      "mean_std": 0.009509186467940012
    },
    "J2": {
      "empirical_coverage": 0.7,
      "hit_count": 7,
      "n_seeds": 10,
      "median_interval_width": 0.027669452036691466,
      "mean_std": 0.011440158098598715
    },
    "D": {
      "empirical_coverage": 0.1,
      "hit_count": 1,
      "n_seeds": 10,
      "median_interval_width": 0.025798681288723438,